Class;Name;Signature;Ret Type
java.lang.Comparable<org.apache.flume.sink.FailoverSinkProcessor.FailedSink>;compareTo;FailedSink;long
java.lang.Comparable<org.apache.flume.sink.FailoverSinkProcessor.FailedSink>;compareTo;FailedSink;long
org.apache.flume.channel.SpillableMemoryChannel;getOverflowTimeout;;long
org.apache.flume.channel.SpillableMemoryChannel;getOverflowTimeout;;long
org.apache.flume.client.avro.ReliableSpoolingFileEventReader$FileInfo;getLastModified;;long
org.apache.flume.client.avro.ReliableSpoolingFileEventReader$FileInfo;getLastModified;;long
org.apache.flume.Clock;currentTimeMillis;;long
org.apache.flume.Clock;currentTimeMillis;;long
org.apache.flume.formatter.output.BucketPath;roundDown;int,int,long,TimeZone;long
org.apache.flume.formatter.output.BucketPath;roundDown;int,int,long,TimeZone;long
org.apache.flume.formatter.output.DefaultPathManager;getSeriesTimestamp;;long
org.apache.flume.formatter.output.DefaultPathManager;getSeriesTimestamp;;long
org.apache.flume.sink.elasticsearch.ElasticSearchSink;getTTLMs;;long
org.apache.flume.sink.elasticsearch.ElasticSearchSink;parseTTL;String;long
org.apache.flume.sink.FailoverSinkProcessor$FailedSink;compareTo;FailedSink;long
org.apache.flume.sink.FailoverSinkProcessor$FailedSink;compareTo;FailedSink;long
org.apache.flume.sink.FailoverSinkProcessor$FailedSink;getRefresh;;long
org.apache.flume.sink.FailoverSinkProcessor$FailedSink;getRefresh;;long
org.apache.flume.sink.hive.HiveWriter;getLastUsed;;long
org.apache.flume.sink.hive.HiveWriter;getLastUsed;;long
org.apache.flume.source.SpoolDirectorySource$SpoolDirectoryRunnable;waitAndGetNewBackoffInterval;int;long
org.apache.flume.source.SpoolDirectorySource$SpoolDirectoryRunnable;waitAndGetNewBackoffInterval;int;long
org.apache.flume.SystemClock;currentTimeMillis;;long
org.apache.flume.SystemClock;currentTimeMillis;;long
org.apache.flume.tools.TimestampRoundDownUtil;roundDownTimeStampHours;long,int,TimeZone;long
org.apache.flume.tools.TimestampRoundDownUtil;roundDownTimeStampHours;long,int,TimeZone;long
org.apache.flume.tools.TimestampRoundDownUtil;roundDownTimeStampHours;long,int;long
org.apache.flume.tools.TimestampRoundDownUtil;roundDownTimeStampMinutes;long,int,TimeZone;long
org.apache.flume.tools.TimestampRoundDownUtil;roundDownTimeStampMinutes;long,int,TimeZone;long
org.apache.flume.tools.TimestampRoundDownUtil;roundDownTimeStampMinutes;long,int;long
org.apache.flume.tools.TimestampRoundDownUtil;roundDownTimeStampSeconds;long,int,TimeZone;long
org.apache.flume.tools.TimestampRoundDownUtil;roundDownTimeStampSeconds;long,int,TimeZone;long
org.apache.flume.tools.TimestampRoundDownUtil;roundDownTimeStampSeconds;long,int;long